{
"meta":{"test_sets":[],"test_metrics":[],"learn_metrics":[{"best_value":"Min","name":"Logloss"}],"launch_mode":"Train","parameters":"","iteration_count":300,"learn_sets":["learn"],"name":"experiment"},
"iterations":[
{"learn":[0.649646983],"iteration":0,"passed_time":0.6632218349,"remaining_time":198.3033286},
{"learn":[0.6266262166],"iteration":1,"passed_time":1.264725723,"remaining_time":188.4441327},
{"learn":[0.6082331831],"iteration":2,"passed_time":1.79903721,"remaining_time":178.1046838},
{"learn":[0.5947620314],"iteration":3,"passed_time":2.284390828,"remaining_time":169.0449213},
{"learn":[0.5830419736],"iteration":4,"passed_time":2.79929892,"remaining_time":165.1586363},
{"learn":[0.5720870825],"iteration":5,"passed_time":3.296430578,"remaining_time":161.5250983},
{"learn":[0.5635311366],"iteration":6,"passed_time":3.798347071,"remaining_time":158.987956},
{"learn":[0.55605381],"iteration":7,"passed_time":4.308550226,"remaining_time":157.2620833},
{"learn":[0.5481037758],"iteration":8,"passed_time":4.761405487,"remaining_time":153.9521107},
{"learn":[0.5407367816],"iteration":9,"passed_time":5.2371381,"remaining_time":151.8770049},
{"learn":[0.5350701542],"iteration":10,"passed_time":5.687185407,"remaining_time":149.4178712},
{"learn":[0.5298270438],"iteration":11,"passed_time":6.151640868,"remaining_time":147.6393808},
{"learn":[0.5237887149],"iteration":12,"passed_time":6.629864799,"remaining_time":146.3670152},
{"learn":[0.5194535807],"iteration":13,"passed_time":7.052775892,"remaining_time":144.0781361},
{"learn":[0.5147795812],"iteration":14,"passed_time":7.471813682,"remaining_time":141.96446},
{"learn":[0.510863432],"iteration":15,"passed_time":7.948407558,"remaining_time":141.0842342},
{"learn":[0.5073664247],"iteration":16,"passed_time":8.444784943,"remaining_time":140.5808317},
{"learn":[0.504090167],"iteration":17,"passed_time":8.876182657,"remaining_time":139.060195},
{"learn":[0.5008472741],"iteration":18,"passed_time":9.32227735,"remaining_time":137.8715756},
{"learn":[0.498208164],"iteration":19,"passed_time":9.766601296,"remaining_time":136.7324181},
{"learn":[0.4954791717],"iteration":20,"passed_time":10.25696752,"remaining_time":136.2711399},
{"learn":[0.4923982146],"iteration":21,"passed_time":10.71203889,"remaining_time":135.3612187},
{"learn":[0.4898618351],"iteration":22,"passed_time":11.16451762,"remaining_time":134.4596253},
{"learn":[0.486543699],"iteration":23,"passed_time":11.6091008,"remaining_time":133.5046593},
{"learn":[0.4840267366],"iteration":24,"passed_time":12.06377476,"remaining_time":132.7015224},
{"learn":[0.4816325503],"iteration":25,"passed_time":12.51758701,"remaining_time":131.9161092},
{"learn":[0.4788942493],"iteration":26,"passed_time":12.99392502,"remaining_time":131.3830197},
{"learn":[0.4769077379],"iteration":27,"passed_time":13.44342195,"remaining_time":130.5932418},
{"learn":[0.4751220737],"iteration":28,"passed_time":13.89851814,"remaining_time":129.8792558},
{"learn":[0.4729658278],"iteration":29,"passed_time":14.34118508,"remaining_time":129.0706658},
{"learn":[0.4706468064],"iteration":30,"passed_time":14.80836805,"remaining_time":128.4984195},
{"learn":[0.4689423219],"iteration":31,"passed_time":15.25303798,"remaining_time":127.7441931},
{"learn":[0.4672634853],"iteration":32,"passed_time":15.68646666,"remaining_time":126.9177757},
{"learn":[0.4655053108],"iteration":33,"passed_time":16.12280971,"remaining_time":126.137276},
{"learn":[0.4634317986],"iteration":34,"passed_time":16.55128015,"remaining_time":125.3168355},
{"learn":[0.4610667154],"iteration":35,"passed_time":16.98859793,"remaining_time":124.5830515},
{"learn":[0.4594994662],"iteration":36,"passed_time":17.42412744,"remaining_time":123.8525815},
{"learn":[0.4576373058],"iteration":37,"passed_time":17.88158772,"remaining_time":123.2888416},
{"learn":[0.4561744348],"iteration":38,"passed_time":18.32005584,"remaining_time":122.6034506},
{"learn":[0.4546768037],"iteration":39,"passed_time":18.77627519,"remaining_time":122.0457887},
{"learn":[0.4533681133],"iteration":40,"passed_time":19.24291902,"remaining_time":121.5589275},
{"learn":[0.4518496203],"iteration":41,"passed_time":19.7428901,"remaining_time":121.2777535},
{"learn":[0.4503375692],"iteration":42,"passed_time":20.28416,"remaining_time":121.2332353},
{"learn":[0.4486964802],"iteration":43,"passed_time":20.76632546,"remaining_time":120.8222572},
{"learn":[0.4472369415],"iteration":44,"passed_time":21.23674135,"remaining_time":120.3415343},
{"learn":[0.4455974799],"iteration":45,"passed_time":21.70297807,"remaining_time":119.8381833},
{"learn":[0.4437508905],"iteration":46,"passed_time":22.18718614,"remaining_time":119.4331509},
{"learn":[0.4419135329],"iteration":47,"passed_time":22.67242383,"remaining_time":119.0302251},
{"learn":[0.4403009824],"iteration":48,"passed_time":23.17526315,"remaining_time":118.7141031},
{"learn":[0.4391246939],"iteration":49,"passed_time":23.65865664,"remaining_time":118.2932832},
{"learn":[0.4378586583],"iteration":50,"passed_time":24.16728494,"remaining_time":117.9932147},
{"learn":[0.4364464385],"iteration":51,"passed_time":24.67115323,"remaining_time":117.6624231},
{"learn":[0.435032621],"iteration":52,"passed_time":25.15787827,"remaining_time":117.2452063},
{"learn":[0.4335938173],"iteration":53,"passed_time":25.65930687,"remaining_time":116.892398},
{"learn":[0.4324890365],"iteration":54,"passed_time":26.13978163,"remaining_time":116.4408454},
{"learn":[0.4312728546],"iteration":55,"passed_time":26.60120267,"remaining_time":115.9052402},
{"learn":[0.4300351096],"iteration":56,"passed_time":27.07665203,"remaining_time":115.4320429},
{"learn":[0.4287889387],"iteration":57,"passed_time":27.57320671,"remaining_time":115.046828},
{"learn":[0.4275967088],"iteration":58,"passed_time":28.05789669,"remaining_time":114.6093746},
{"learn":[0.4265751973],"iteration":59,"passed_time":28.53500437,"remaining_time":114.1400175},
{"learn":[0.4254275754],"iteration":60,"passed_time":29.02156828,"remaining_time":113.7074561},
{"learn":[0.4241847433],"iteration":61,"passed_time":29.50653077,"remaining_time":113.2670052},
{"learn":[0.4227192035],"iteration":62,"passed_time":29.98470942,"remaining_time":112.7996212},
{"learn":[0.4217397281],"iteration":63,"passed_time":30.45840359,"remaining_time":112.3153632},
{"learn":[0.420889],"iteration":64,"passed_time":30.94842196,"remaining_time":111.8904486},
{"learn":[0.4197236193],"iteration":65,"passed_time":31.40878117,"remaining_time":111.358406},
{"learn":[0.4186929425],"iteration":66,"passed_time":31.88389878,"remaining_time":110.8798271},
{"learn":[0.4178655646],"iteration":67,"passed_time":32.35225727,"remaining_time":110.3782895},
{"learn":[0.4167621541],"iteration":68,"passed_time":32.83166057,"remaining_time":109.9146897},
{"learn":[0.4159538303],"iteration":69,"passed_time":33.30561807,"remaining_time":109.4327451},
{"learn":[0.41508688],"iteration":70,"passed_time":33.77887569,"remaining_time":108.9487681},
{"learn":[0.4142027675],"iteration":71,"passed_time":34.27695092,"remaining_time":108.5436779},
{"learn":[0.4132490707],"iteration":72,"passed_time":34.76084473,"remaining_time":108.0919418},
{"learn":[0.4123964623],"iteration":73,"passed_time":35.24426822,"remaining_time":107.6379002},
{"learn":[0.4116100856],"iteration":74,"passed_time":35.71584636,"remaining_time":107.1475391},
{"learn":[0.4106413539],"iteration":75,"passed_time":36.18654804,"remaining_time":106.655089},
{"learn":[0.4097880975],"iteration":76,"passed_time":36.68632692,"remaining_time":106.2474143},
{"learn":[0.4088871308],"iteration":77,"passed_time":37.2005437,"remaining_time":105.8784705},
{"learn":[0.4080758497],"iteration":78,"passed_time":37.75949777,"remaining_time":105.6310001},
{"learn":[0.4072153627],"iteration":79,"passed_time":38.29733239,"remaining_time":105.3176641},
{"learn":[0.4060927951],"iteration":80,"passed_time":38.87308707,"remaining_time":105.1013095},
{"learn":[0.4052288204],"iteration":81,"passed_time":39.41478306,"remaining_time":104.7856428},
{"learn":[0.404363832],"iteration":82,"passed_time":39.93716111,"remaining_time":104.4140236},
{"learn":[0.4035633913],"iteration":83,"passed_time":40.4187855,"remaining_time":103.9340199},
{"learn":[0.4029073724],"iteration":84,"passed_time":40.90217718,"remaining_time":103.4584482},
{"learn":[0.4019977448],"iteration":85,"passed_time":41.36884027,"remaining_time":102.9410676},
{"learn":[0.4013218291],"iteration":86,"passed_time":41.83998634,"remaining_time":102.4358286},
{"learn":[0.400493007],"iteration":87,"passed_time":42.31936746,"remaining_time":101.9512034},
{"learn":[0.3997126227],"iteration":88,"passed_time":42.79704685,"remaining_time":101.4626616},
{"learn":[0.398777543],"iteration":89,"passed_time":43.28458238,"remaining_time":100.9973589},
{"learn":[0.3979757372],"iteration":90,"passed_time":43.76731411,"remaining_time":100.5205346},
{"learn":[0.3971758569],"iteration":91,"passed_time":44.27228686,"remaining_time":100.0938659},
{"learn":[0.3964902093],"iteration":92,"passed_time":44.75373922,"remaining_time":99.6131615},
{"learn":[0.3957719668],"iteration":93,"passed_time":45.22974456,"remaining_time":99.12050403},
{"learn":[0.394967854],"iteration":94,"passed_time":45.713219,"remaining_time":98.64431469},
{"learn":[0.3942670485],"iteration":95,"passed_time":46.18716721,"remaining_time":98.14773033},
{"learn":[0.3934756286],"iteration":96,"passed_time":46.6570973,"remaining_time":97.64320362},
{"learn":[0.3927152898],"iteration":97,"passed_time":47.15245249,"remaining_time":97.19178983},
{"learn":[0.3919928225],"iteration":98,"passed_time":47.64206445,"remaining_time":96.72782781},
{"learn":[0.3913778975],"iteration":99,"passed_time":48.12289319,"remaining_time":96.24578637},
{"learn":[0.3905427006],"iteration":100,"passed_time":48.60772056,"remaining_time":95.77164744},
{"learn":[0.3896919246],"iteration":101,"passed_time":49.09566338,"remaining_time":95.30334656},
{"learn":[0.3889548411],"iteration":102,"passed_time":49.58446541,"remaining_time":94.83630764},
{"learn":[0.3884222659],"iteration":103,"passed_time":50.06343302,"remaining_time":94.35031607},
{"learn":[0.3877572883],"iteration":104,"passed_time":50.5693918,"remaining_time":93.91458477},
{"learn":[0.3871131553],"iteration":105,"passed_time":51.05089517,"remaining_time":93.43277041},
{"learn":[0.3864824008],"iteration":106,"passed_time":51.52458046,"remaining_time":92.93686008},
{"learn":[0.385867995],"iteration":107,"passed_time":52.01355449,"remaining_time":92.46854131},
{"learn":[0.3851806661],"iteration":108,"passed_time":52.50150951,"remaining_time":91.99805795},
{"learn":[0.3845901642],"iteration":109,"passed_time":52.98151119,"remaining_time":91.51351933},
{"learn":[0.3840602936],"iteration":110,"passed_time":53.46476387,"remaining_time":91.03459794},
{"learn":[0.3834985148],"iteration":111,"passed_time":53.96035492,"remaining_time":90.57631005},
{"learn":[0.3828219593],"iteration":112,"passed_time":54.46294014,"remaining_time":90.12893633},
{"learn":[0.3823504227],"iteration":113,"passed_time":54.94862833,"remaining_time":89.65302517},
{"learn":[0.3818544992],"iteration":114,"passed_time":55.43682224,"remaining_time":89.1809749},
{"learn":[0.3813077455],"iteration":115,"passed_time":55.90258447,"remaining_time":88.67306502},
{"learn":[0.3807583139],"iteration":116,"passed_time":56.36951764,"remaining_time":88.16770707},
{"learn":[0.3802339667],"iteration":117,"passed_time":56.84509183,"remaining_time":87.67632808},
{"learn":[0.3797294191],"iteration":118,"passed_time":57.35756684,"remaining_time":87.24134117},
{"learn":[0.3792510608],"iteration":119,"passed_time":57.84546625,"remaining_time":86.76819937},
{"learn":[0.3786953473],"iteration":120,"passed_time":58.33742284,"remaining_time":86.3008156},
{"learn":[0.3779952511],"iteration":121,"passed_time":58.8272795,"remaining_time":85.82996517},
{"learn":[0.377339635],"iteration":122,"passed_time":59.31325427,"remaining_time":85.35321956},
{"learn":[0.3767822028],"iteration":123,"passed_time":59.80247212,"remaining_time":84.88092816},
{"learn":[0.3763266833],"iteration":124,"passed_time":60.30911081,"remaining_time":84.43275514},
{"learn":[0.3757664661],"iteration":125,"passed_time":60.80888817,"remaining_time":83.97417891},
{"learn":[0.3751231446],"iteration":126,"passed_time":61.28431165,"remaining_time":83.48177886},
{"learn":[0.3746856642],"iteration":127,"passed_time":61.76642753,"remaining_time":82.99863699},
{"learn":[0.3741539751],"iteration":128,"passed_time":62.25009157,"remaining_time":82.51756325},
{"learn":[0.3733774002],"iteration":129,"passed_time":62.75349525,"remaining_time":82.06226302},
{"learn":[0.3728765666],"iteration":130,"passed_time":63.25307468,"remaining_time":81.60129481},
{"learn":[0.3724281449],"iteration":131,"passed_time":63.76019515,"remaining_time":81.14933928},
{"learn":[0.3717294911],"iteration":132,"passed_time":64.26447587,"remaining_time":80.6929885},
{"learn":[0.3711183944],"iteration":133,"passed_time":64.76433505,"remaining_time":80.23044492},
{"learn":[0.3705995764],"iteration":134,"passed_time":65.24964205,"remaining_time":79.74956251},
{"learn":[0.370196366],"iteration":135,"passed_time":65.72697742,"remaining_time":79.25900219},
{"learn":[0.369711899],"iteration":136,"passed_time":66.20195251,"remaining_time":78.76582671},
{"learn":[0.3692648983],"iteration":137,"passed_time":66.70183436,"remaining_time":78.30215338},
{"learn":[0.3688359247],"iteration":138,"passed_time":67.20266242,"remaining_time":77.83905503},
{"learn":[0.3684023903],"iteration":139,"passed_time":67.68812694,"remaining_time":77.35785936},
{"learn":[0.36797889],"iteration":140,"passed_time":68.18572356,"remaining_time":76.89028401},
{"learn":[0.3675379143],"iteration":141,"passed_time":68.66887764,"remaining_time":76.40621597},
{"learn":[0.3670134071],"iteration":142,"passed_time":69.17893812,"remaining_time":75.95170129},
{"learn":[0.3665931329],"iteration":143,"passed_time":69.68677506,"remaining_time":75.49400631},
{"learn":[0.3661880826],"iteration":144,"passed_time":70.19645333,"remaining_time":75.03758804},
{"learn":[0.3657717094],"iteration":145,"passed_time":70.67649264,"remaining_time":74.54917717},
{"learn":[0.365314811],"iteration":146,"passed_time":71.15762985,"remaining_time":74.0620229},
{"learn":[0.364867376],"iteration":147,"passed_time":71.65317551,"remaining_time":73.58974782},
{"learn":[0.3645071411],"iteration":148,"passed_time":72.15038933,"remaining_time":73.11885093},
{"learn":[0.3637738665],"iteration":149,"passed_time":72.65445618,"remaining_time":72.65445618},
{"learn":[0.3633507514],"iteration":150,"passed_time":73.16721767,"remaining_time":72.19811545},
{"learn":[0.3629673312],"iteration":151,"passed_time":73.68754547,"remaining_time":71.74839954},
{"learn":[0.3626157955],"iteration":152,"passed_time":74.20328046,"remaining_time":71.2933479},
{"learn":[0.3622113647],"iteration":153,"passed_time":74.70439613,"remaining_time":70.82364828},
{"learn":[0.3618465636],"iteration":154,"passed_time":75.19869627,"remaining_time":70.34716748},
{"learn":[0.3615169348],"iteration":155,"passed_time":75.68599211,"remaining_time":69.86399272},
{"learn":[0.361120894],"iteration":156,"passed_time":76.17787934,"remaining_time":69.38494743},
{"learn":[0.360749662],"iteration":157,"passed_time":76.69906794,"remaining_time":68.93207372},
{"learn":[0.3604043088],"iteration":158,"passed_time":77.21752063,"remaining_time":68.47591452},
{"learn":[0.3600336983],"iteration":159,"passed_time":77.71990123,"remaining_time":68.00491357},
{"learn":[0.3596832385],"iteration":160,"passed_time":78.22461515,"remaining_time":67.53553731},
{"learn":[0.3591861888],"iteration":161,"passed_time":78.73399568,"remaining_time":67.06970003},
{"learn":[0.3587725831],"iteration":162,"passed_time":79.24745695,"remaining_time":66.60675829},
{"learn":[0.358389419],"iteration":163,"passed_time":79.76936836,"remaining_time":66.15020791},
{"learn":[0.3580112506],"iteration":164,"passed_time":80.31467024,"remaining_time":65.71200292},
{"learn":[0.3576207561],"iteration":165,"passed_time":80.82776893,"remaining_time":65.24651226},
{"learn":[0.3571974823],"iteration":166,"passed_time":81.36725556,"remaining_time":64.801467},
{"learn":[0.356788506],"iteration":167,"passed_time":81.88443078,"remaining_time":64.33776704},
{"learn":[0.3564217746],"iteration":168,"passed_time":82.41467417,"remaining_time":63.883564},
{"learn":[0.3560766283],"iteration":169,"passed_time":83.08596672,"remaining_time":63.53632749},
{"learn":[0.3556617855],"iteration":170,"passed_time":83.67603544,"remaining_time":63.12402673},
{"learn":[0.3552766572],"iteration":171,"passed_time":84.25089524,"remaining_time":62.69834065},
{"learn":[0.3548582828],"iteration":172,"passed_time":84.82606383,"remaining_time":62.27115668},
{"learn":[0.3543713552],"iteration":173,"passed_time":85.38667488,"remaining_time":61.83173009},
{"learn":[0.3540565001],"iteration":174,"passed_time":85.92596709,"remaining_time":61.37569078},
{"learn":[0.3536945314],"iteration":175,"passed_time":86.47099731,"remaining_time":60.92274811},
{"learn":[0.3533750273],"iteration":176,"passed_time":87.01226849,"remaining_time":60.46615268},
{"learn":[0.3527777155],"iteration":177,"passed_time":87.53537343,"remaining_time":59.99615482},
{"learn":[0.3524016525],"iteration":178,"passed_time":88.06411489,"remaining_time":59.52937376},
{"learn":[0.3520894809],"iteration":179,"passed_time":88.5800297,"remaining_time":59.05335314},
{"learn":[0.3516974284],"iteration":180,"passed_time":89.1141874,"remaining_time":58.58888564},
{"learn":[0.3513808151],"iteration":181,"passed_time":89.63010706,"remaining_time":58.11182765},
{"learn":[0.3510408289],"iteration":182,"passed_time":90.17969216,"remaining_time":57.65586876},
{"learn":[0.3507279071],"iteration":183,"passed_time":90.68553433,"remaining_time":57.17131512},
{"learn":[0.3503623322],"iteration":184,"passed_time":91.19261864,"remaining_time":56.68730348},
{"learn":[0.350075766],"iteration":185,"passed_time":91.70212106,"remaining_time":56.20452581},
{"learn":[0.3497523578],"iteration":186,"passed_time":92.21982725,"remaining_time":55.72641967},
{"learn":[0.3494524206],"iteration":187,"passed_time":92.73340645,"remaining_time":55.24543363},
{"learn":[0.3491745256],"iteration":188,"passed_time":93.26533446,"remaining_time":54.77487897},
{"learn":[0.348804823],"iteration":189,"passed_time":93.79803496,"remaining_time":54.30412551},
{"learn":[0.3484906035],"iteration":190,"passed_time":94.31715305,"remaining_time":53.82497216},
{"learn":[0.348191361],"iteration":191,"passed_time":94.84224551,"remaining_time":53.3487631},
{"learn":[0.3479082334],"iteration":192,"passed_time":95.35389882,"remaining_time":52.86459675},
{"learn":[0.3475655078],"iteration":193,"passed_time":95.8668531,"remaining_time":52.38085788},
{"learn":[0.3470965786],"iteration":194,"passed_time":96.39675639,"remaining_time":51.90594575},
{"learn":[0.3467590786],"iteration":195,"passed_time":96.91901607,"remaining_time":51.42641669},
{"learn":[0.3464413102],"iteration":196,"passed_time":97.43050388,"remaining_time":50.94082183},
{"learn":[0.34612296],"iteration":197,"passed_time":97.94751574,"remaining_time":50.45781114},
{"learn":[0.3457876074],"iteration":198,"passed_time":98.46096777,"remaining_time":49.97265198},
{"learn":[0.3454972201],"iteration":199,"passed_time":98.99775635,"remaining_time":49.49887818},
{"learn":[0.3451761319],"iteration":200,"passed_time":99.52566025,"remaining_time":49.02010132},
{"learn":[0.3447849325],"iteration":201,"passed_time":100.0825271,"remaining_time":48.55488938},
{"learn":[0.3444443087],"iteration":202,"passed_time":100.5968774,"remaining_time":48.06845867},
{"learn":[0.3441829254],"iteration":203,"passed_time":101.1283464,"remaining_time":47.58981009},
{"learn":[0.3438857976],"iteration":204,"passed_time":101.6424165,"remaining_time":47.10258325},
{"learn":[0.3435657725],"iteration":205,"passed_time":102.1650757,"remaining_time":46.61901512},
{"learn":[0.3432453276],"iteration":206,"passed_time":102.6888238,"remaining_time":46.13555852},
{"learn":[0.3429728146],"iteration":207,"passed_time":103.2406149,"remaining_time":45.66411813},
{"learn":[0.3426551228],"iteration":208,"passed_time":103.7708564,"remaining_time":45.18252598},
{"learn":[0.3423989519],"iteration":209,"passed_time":104.2900205,"remaining_time":44.69572309},
{"learn":[0.342058292],"iteration":210,"passed_time":104.802599,"remaining_time":44.2058356},
{"learn":[0.341801583],"iteration":211,"passed_time":105.314236,"remaining_time":43.71534323},
{"learn":[0.3414922622],"iteration":212,"passed_time":105.8448879,"remaining_time":43.23241901},
{"learn":[0.3412466975],"iteration":213,"passed_time":106.3762898,"remaining_time":42.74935012},
{"learn":[0.3408709218],"iteration":214,"passed_time":106.9064286,"remaining_time":42.26533225},
{"learn":[0.3405277609],"iteration":215,"passed_time":107.5132269,"remaining_time":41.81069933},
{"learn":[0.3402608057],"iteration":216,"passed_time":108.2014709,"remaining_time":41.38581605},
{"learn":[0.3399914844],"iteration":217,"passed_time":108.8924744,"remaining_time":40.95955461},
{"learn":[0.3394465922],"iteration":218,"passed_time":109.5591233,"remaining_time":40.52186753},
{"learn":[0.3391800181],"iteration":219,"passed_time":110.1729664,"remaining_time":40.06289689},
{"learn":[0.3387929366],"iteration":220,"passed_time":110.7648206,"remaining_time":39.59466438},
{"learn":[0.3385519554],"iteration":221,"passed_time":111.4199746,"remaining_time":39.14755865},
{"learn":[0.3383276467],"iteration":222,"passed_time":112.0497944,"remaining_time":38.68983931},
{"learn":[0.338070161],"iteration":223,"passed_time":112.6704503,"remaining_time":38.22747421},
{"learn":[0.3378248793],"iteration":224,"passed_time":113.3162473,"remaining_time":37.77208242},
{"learn":[0.3375600112],"iteration":225,"passed_time":113.9151347,"remaining_time":37.29964587},
{"learn":[0.337317447],"iteration":226,"passed_time":114.4786072,"remaining_time":36.81470628},
{"learn":[0.3368412565],"iteration":227,"passed_time":115.0316743,"remaining_time":36.32579188},
{"learn":[0.3364767399],"iteration":228,"passed_time":115.6079166,"remaining_time":35.84350253},
{"learn":[0.3362168609],"iteration":229,"passed_time":116.2001874,"remaining_time":35.36527443},
{"learn":[0.335963581],"iteration":230,"passed_time":116.7894457,"remaining_time":34.8851591},
{"learn":[0.3356664933],"iteration":231,"passed_time":117.3714055,"remaining_time":34.40196367},
{"learn":[0.3353526281],"iteration":232,"passed_time":117.9646537,"remaining_time":33.92116653},
{"learn":[0.3351058817],"iteration":233,"passed_time":118.5264203,"remaining_time":33.4305288},
{"learn":[0.3348213901],"iteration":234,"passed_time":119.0985586,"remaining_time":32.9421545},
{"learn":[0.3345263329],"iteration":235,"passed_time":119.6963894,"remaining_time":32.4600378},
{"learn":[0.3341606244],"iteration":236,"passed_time":120.2329044,"remaining_time":31.96064546},
{"learn":[0.3338927602],"iteration":237,"passed_time":120.7951451,"remaining_time":31.46764284},
{"learn":[0.3336371329],"iteration":238,"passed_time":121.3495428,"remaining_time":30.97205905},
{"learn":[0.3333877714],"iteration":239,"passed_time":121.914509,"remaining_time":30.47862724},
{"learn":[0.3331222944],"iteration":240,"passed_time":122.4686357,"remaining_time":29.98194815},
{"learn":[0.3328417872],"iteration":241,"passed_time":123.0670119,"remaining_time":29.49539954},
{"learn":[0.3325516349],"iteration":242,"passed_time":123.6286273,"remaining_time":28.99930764},
{"learn":[0.3323428018],"iteration":243,"passed_time":124.187076,"remaining_time":28.50195187},
{"learn":[0.3319934718],"iteration":244,"passed_time":124.739771,"remaining_time":28.00280574},
{"learn":[0.3317182922],"iteration":245,"passed_time":125.3030424,"remaining_time":27.50554589},
{"learn":[0.3314926271],"iteration":246,"passed_time":125.8625931,"remaining_time":27.00695318},
{"learn":[0.331237417],"iteration":247,"passed_time":126.4483626,"remaining_time":26.51336636},
{"learn":[0.3310132369],"iteration":248,"passed_time":126.9931519,"remaining_time":26.01064556},
{"learn":[0.3308126527],"iteration":249,"passed_time":127.5520237,"remaining_time":25.51040475},
{"learn":[0.3306235328],"iteration":250,"passed_time":128.1006918,"remaining_time":25.00770477},
{"learn":[0.3302992349],"iteration":251,"passed_time":128.6499647,"remaining_time":24.50475517},
{"learn":[0.3300928003],"iteration":252,"passed_time":129.1973252,"remaining_time":24.00108413},
{"learn":[0.3297924949],"iteration":253,"passed_time":129.7924321,"remaining_time":23.50571606},
{"learn":[0.3295851498],"iteration":254,"passed_time":130.3592447,"remaining_time":23.00457259},
{"learn":[0.3293146321],"iteration":255,"passed_time":130.9107698,"remaining_time":22.50028856},
{"learn":[0.3290760872],"iteration":256,"passed_time":131.4788672,"remaining_time":21.99840968},
{"learn":[0.3288635751],"iteration":257,"passed_time":132.0395335,"remaining_time":21.49480778},
{"learn":[0.3286126555],"iteration":258,"passed_time":132.6296814,"remaining_time":20.99543219},
{"learn":[0.3284182406],"iteration":259,"passed_time":133.2310479,"remaining_time":20.4970843},
{"learn":[0.3282058043],"iteration":260,"passed_time":133.8117397,"remaining_time":19.99485766},
{"learn":[0.3279325925],"iteration":261,"passed_time":134.3935933,"remaining_time":19.49220056},
{"learn":[0.3277445726],"iteration":262,"passed_time":134.943335,"remaining_time":18.98442355},
{"learn":[0.3275271402],"iteration":263,"passed_time":135.5039313,"remaining_time":18.47780882},
{"learn":[0.3273011451],"iteration":264,"passed_time":136.0985278,"remaining_time":17.97527726},
{"learn":[0.3270716268],"iteration":265,"passed_time":136.6501114,"remaining_time":17.46655559},
{"learn":[0.3268437699],"iteration":266,"passed_time":137.2086018,"remaining_time":16.95836652},
{"learn":[0.3266501886],"iteration":267,"passed_time":137.7481966,"remaining_time":16.44754586},
{"learn":[0.3264546551],"iteration":268,"passed_time":138.3330689,"remaining_time":15.94172913},
{"learn":[0.3262452825],"iteration":269,"passed_time":138.8814126,"remaining_time":15.43126807},
{"learn":[0.3260337608],"iteration":270,"passed_time":139.5308322,"remaining_time":14.93134367},
{"learn":[0.3257778291],"iteration":271,"passed_time":140.1677685,"remaining_time":14.42903499},
{"learn":[0.3254533454],"iteration":272,"passed_time":140.7893945,"remaining_time":13.92422583},
{"learn":[0.3252236231],"iteration":273,"passed_time":141.3268979,"remaining_time":13.41058155},
{"learn":[0.3249957554],"iteration":274,"passed_time":141.8621598,"remaining_time":12.89655998},
{"learn":[0.3247288071],"iteration":275,"passed_time":142.4307334,"remaining_time":12.38528117},
{"learn":[0.3245155247],"iteration":276,"passed_time":142.9753451,"remaining_time":11.87159905},
{"learn":[0.3242027428],"iteration":277,"passed_time":143.5426485,"remaining_time":11.35949017},
{"learn":[0.3240109493],"iteration":278,"passed_time":144.1019422,"remaining_time":10.84638275},
{"learn":[0.323801847],"iteration":279,"passed_time":144.6820225,"remaining_time":10.33443018},
{"learn":[0.3236329889],"iteration":280,"passed_time":145.2276466,"remaining_time":9.819662936},
{"learn":[0.3234441952],"iteration":281,"passed_time":145.8158173,"remaining_time":9.307392595},
{"learn":[0.3231943245],"iteration":282,"passed_time":146.3604257,"remaining_time":8.791969034},
{"learn":[0.3229398685],"iteration":283,"passed_time":146.9034405,"remaining_time":8.276250169},
{"learn":[0.3227007012],"iteration":284,"passed_time":147.4230545,"remaining_time":7.75910813},
{"learn":[0.3225057751],"iteration":285,"passed_time":147.9353309,"remaining_time":7.241589627},
{"learn":[0.3223343052],"iteration":286,"passed_time":148.4670516,"remaining_time":6.724988398},
{"learn":[0.3221402084],"iteration":287,"passed_time":149.0064925,"remaining_time":6.208603854},
{"learn":[0.3218690778],"iteration":288,"passed_time":149.5307483,"remaining_time":5.69148177},
{"learn":[0.3216436788],"iteration":289,"passed_time":150.0522147,"remaining_time":5.1742143},
{"learn":[0.3214795869],"iteration":290,"passed_time":150.5554786,"remaining_time":4.656355008},
{"learn":[0.3212231396],"iteration":291,"passed_time":151.0704232,"remaining_time":4.138915704},
{"learn":[0.3210239375],"iteration":292,"passed_time":151.5763026,"remaining_time":3.621276853},
{"learn":[0.320844971],"iteration":293,"passed_time":152.0906913,"remaining_time":3.103891659},
{"learn":[0.320577263],"iteration":294,"passed_time":152.6100704,"remaining_time":2.586611363},
{"learn":[0.3203656604],"iteration":295,"passed_time":153.1217877,"remaining_time":2.069213347},
{"learn":[0.3201199769],"iteration":296,"passed_time":153.648026,"remaining_time":1.552000263},
{"learn":[0.319859513],"iteration":297,"passed_time":154.2038365,"remaining_time":1.034925077},
{"learn":[0.3196845943],"iteration":298,"passed_time":154.7642944,"remaining_time":0.5176063357},
{"learn":[0.3194534347],"iteration":299,"passed_time":155.3369103,"remaining_time":0}
]}